{"cameraMode":{"drawMode":0,"name":"Shaded","section":"Shading Mode"},"sceneLighting":true,"audioPlay":false,"sceneViewState":{"showFog":true,"showMaterialUpdate":false,"showSkybox":true,"showFlares":true,"showImageEffects":true,"showParticleSystems":true},"in2DMode":false,"pivot":{"x":-1.3218183517456055,"y":0.5145450234413147,"z":-0.0739806592464447},"rotation":{"x":0.17857065796852113,"y":0.6797954440116882,"z":-0.1761043667793274,"w":0.6892285943031311},"size":2.924686908721924,"orthographic":false}