{"cameraMode":{"drawMode":0,"name":"Shaded","section":"Shading Mode"},"sceneLighting":true,"audioPlay":false,"sceneViewState":{"showFog":true,"showMaterialUpdate":false,"showSkybox":true,"showFlares":true,"showImageEffects":true,"showParticleSystems":true},"in2DMode":false,"pivot":{"x":-1.2172777652740479,"y":2.0390207767486574,"z":-0.8192508220672607},"rotation":{"x":0.6582186818122864,"y":0.27109265327453616,"z":-0.27636992931365969,"w":0.6457090377807617},"size":6.485603332519531,"orthographic":false}