{"cameraMode":{"drawMode":0,"name":"Shaded","section":"Shading Mode"},"sceneLighting":true,"audioPlay":false,"sceneViewState":{"showFog":true,"showMaterialUpdate":false,"showSkybox":true,"showFlares":true,"showImageEffects":true,"showParticleSystems":true},"in2DMode":false,"pivot":{"x":-9.137472152709961,"y":11.413701057434082,"z":-3.561504364013672},"rotation":{"x":0.500747561454773,"y":0.0866980031132698,"z":-0.05049530789256096,"w":0.8597604632377625},"size":8.96859359741211,"orthographic":false}